"n_units","task_approach","age","life","fass_unit","fass_major","novel","library","private_health","sugar_days_clean","rent","urinal_position","stall_position","food_budget","height_clean","study_hrs","social_media_clean","gender_clean","sleep_time_clean","diet","steak_preference","pineapple","dominant_hand","normal_advanced","exercise_hrs","employment_hrs","social_media_hrs","used_r_before","uni_year","wam"
7,"draw up a schedule and work through it in planned stages",19,"No","No","No","No","Fisher","Yes",3,"Yes","C: Furthest from the entrance","C: Furthest from the entrance",105,198,20,"Youtube","man",11,"Omnivorous","Eat beef","Yes","Right","DATA2002",7,0,3,"Yes","Second year",72.8
4,"do them immediately",21,"Yes",NA,"No","Yes","SciTech","Yes",1,"Yes","C: Furthest from the entrance","C: Furthest from the entrance",70,174,30,"Other","man",8,"Omnivorous","Eat beef","Yes","Right","DATA2902",1,16,0.5,"Yes","Second year",79
4,"cram at the last second",20,"No","Yes","No","Yes","Fisher","Yes",5,"Yes","C: Furthest from the entrance","C: Furthest from the entrance",150,170,7,"Youtube","man",8,"Omnivorous","Eat beef","No","Right","DATA2902",2,0,6,"Yes","Second year",83
6,"draw up a schedule and work through it in planned stages",NA,NA,NA,"No","No",NA,NA,NA,"Yes","A: Closest to the entrance","A: Closest to the entrance",NA,176,100,"Reddit","man",6,"Omnivorous","Eat beef","Yes","Right","DATA2002",0,0,0.5,"No","Second year",79
4,"draw up a schedule and work through it in planned stages",22,"No","Yes","No","No",NA,"No",7,"Yes",NA,"C: Furthest from the entrance",NA,194,NA,"None",NA,8,"Omnivorous","Eat beef","Yes","Right","DATA2002",NA,0,NA,"Yes","Third year",94
4,"draw up a schedule and work through it in planned stages",19,"No","No","No","Yes","Fisher","No",7,NA,NA,"A: Closest to the entrance",50,NA,20,"Tiktok","woman",7,"Omnivorous","I don't eat beef","Yes","Right","DATA2902",5,0,3,"Yes","Third year",NA
4,"draw up a schedule and work through it in planned stages",22,"Yes","No","No","Yes",NA,"Yes",4,"No","B: Middle","C: Furthest from the entrance",20,189,30,"Instagram","man",8,"Omnivorous","Eat beef","No","Right","DATA2902",4,8,2,"Yes","Fifth or higher year",88.3
5,"draw up a schedule and work through it in planned stages",22,"No","No","No","Yes","SciTech","Yes",7,"Yes","C: Furthest from the entrance","B: Middle",150,180,28,"Wechat","man",8,"Omnivorous","Eat beef","No","Right","DATA2002",14,0,1,"Yes","Third year",70
6,"draw up a schedule and work through it in planned stages",19,"Yes","No","No","Yes","Fisher","Yes",1,"Yes","C: Furthest from the entrance","C: Furthest from the entrance",50,193,20,"Instagram","man",8,"Omnivorous","Eat beef","No","Right","DATA2002",6,18,4,"Yes","Second year",76
4,"draw up a schedule and work through it in planned stages",NA,"No","No","No","No","Fisher","Yes",5,"Yes","C: Furthest from the entrance","C: Furthest from the entrance",NA,173,NA,"Instagram","man",7,"Omnivorous","Eat beef","No","Right","DATA2002",4,0,1,"Yes","Second year",NA
4,"draw up a schedule and work through it in planned stages",18,"Yes","No","No","Yes","SciTech","Yes",0,"Yes","A: Closest to the entrance","A: Closest to the entrance",50,168,35,"Wechat","woman",7,"Omnivorous","Eat beef","Yes","Right","DATA2902",3,10,3,"Yes","Second year",90.8
NA,"draw up a schedule and work through it in planned stages",19,"No","No","No","Yes","Fisher","No",7,"Yes","C: Furthest from the entrance","B: Middle",50,165,10,"Instagram","woman",7,"Omnivorous","Eat beef","No","Right","DATA2902",2,20,4,"Yes","First year",79
4,"cram at the last second",29,"No","No","No","No","Fisher","Yes",3,"Yes","A: Closest to the entrance","C: Furthest from the entrance",NA,NA,20,"Reddit","man",7,"Omnivorous","Eat beef","Yes","Right","DATA2002",3,30,2,"No","Second year",65
4,"draw up a schedule and work through it in planned stages",23,"Yes","Yes","Yes","No",NA,"Yes",5,"Yes","C: Furthest from the entrance","B: Middle",200,163,15,"Instagram","woman",7.5,"Omnivorous","Eat beef","Yes","Right","DATA2002",1,15,6,"Yes","Third year",70
4,"do them immediately",19,"Yes","No","No","No","SciTech","Yes",2,"No","B: Middle","C: Furthest from the entrance",40,183,NA,"Tiktok","man",7,"Omnivorous","I don't eat beef","Yes","Right","DATA2002",6,0,5,"Yes","Second year",77
3,"do them immediately",24,"No","No","No","No",NA,"No",3,"Yes","A: Closest to the entrance","C: Furthest from the entrance",200,183,21,"Instagram","man",7,"Omnivorous","Eat beef","Yes","Right","DATA2902",3,2,3,"Yes","Second year",85.5
NA,"do them immediately",20,"No","No","No","Yes","SciTech","Yes",0,"Yes","C: Furthest from the entrance","A: Closest to the entrance",20,185,30,"None","man",7,"Omnivorous","Eat beef","Yes","Right","DATA2902",10,0,0,"Yes","Second year",84
4,"draw up a schedule and work through it in planned stages",24,"Yes","No","No","No","SciTech","Yes",0,"Yes","B: Middle","C: Furthest from the entrance",100,185,20,"Instagram","man",7,"Omnivorous","Eat beef","Yes","Right","DATA2002",10,10,3,"No","Third year",70
4,"cram at the last second",20,"Yes","No","No","No","Fisher","Yes",2,"No","C: Furthest from the entrance","A: Closest to the entrance",300,176,0.5,"Instagram","man",NA,"Omnivorous","Eat beef","Yes","Right","DATA2002",4,0,9,"Yes","Third year",50
3,"draw up a schedule and work through it in planned stages",20,"Yes","Yes","Yes","Yes","Fisher",NA,NA,"No",NA,"B: Middle",NA,164.5,NA,"None","woman",7,"Omnivorous","Eat beef","Yes","Left","DATA2902",NA,4,NA,"Yes","Third year",NA
0,"do them immediately",23,"Yes","No","No","No","SciTech","Yes",2,"Yes","C: Furthest from the entrance","C: Furthest from the entrance",40,NA,NA,"Other","man",NA,"Omnivorous","Eat beef","No","Right","DATA2002",2,6,3,"Yes","Fifth or higher year",80
5,"draw up a schedule and work through it in planned stages",19,"Yes","No","No","No","Fisher","Yes",3,"No","C: Furthest from the entrance","B: Middle",200,186,25,"Instagram","man",6,"Omnivorous","I don't eat beef","No","Right","DATA2002",8,8,0.5,"Yes","Second year",80
6,"draw up a schedule and work through it in planned stages",22,"No","No","No","No","SciTech","Yes",3,"Yes","C: Furthest from the entrance","C: Furthest from the entrance",25,161,5,"Instagram","woman",6,"Omnivorous","Eat beef","No","Right","DATA2002",2,6,4,"Yes","Second year",68.4
0,"draw up a schedule and work through it in planned stages",27,"Yes","Yes","No","No","SciTech","No",7,"Yes","A: Closest to the entrance","B: Middle",60,165,10,"Instagram","man",8,"Omnivorous","Eat beef","Yes","Right",NA,7,10,1,"Yes","Fifth or higher year",81
4,"draw up a schedule and work through it in planned stages",22,"Yes","No","No","No","Fisher","Yes",2,"No","B: Middle","A: Closest to the entrance",70,177,15,"Other","man",7,"Omnivorous","Eat beef","No","Right","DATA2002",5,0,4,"No","Second year",73
4,"draw up a schedule and work through it in planned stages",19,"Yes","No","No","Yes","Fisher","Yes",5,"Yes","C: Furthest from the entrance","B: Middle",300,170,28,"Instagram","woman",6.5,"Omnivorous","Eat beef","Yes","Right","DATA2002",3,0,4,"Yes","Second year",75
4,"cram at the last second",20,"Yes","No","No","No","Fisher","Yes",5,"Yes","C: Furthest from the entrance","C: Furthest from the entrance",150,161,15,"Instagram","woman",7,"Omnivorous","I don't eat beef","No","Right","DATA2002",0,10,5,"Yes","Second year",NA
4,"draw up a schedule and work through it in planned stages",21,"Yes","Yes","No","No",NA,"Yes",7,"Yes","A: Closest to the entrance","A: Closest to the entrance",100,NA,28,"Tiktok",NA,8,"Omnivorous","Eat beef","Yes","Right","DATA2002",1,15,1,"No","Third year",80
4,"cram at the last second",19,"Yes","No","No","No","SciTech","Yes",2,"Yes","B: Middle","B: Middle",40,176,12,"Instagram","man",7,"Omnivorous","Eat beef","No","Right","DATA2902",6,12,3,"Yes","Third year",78
5,"cram at the last second",20,"Yes","No","No","No","Fisher","Yes",6,"Yes","C: Furthest from the entrance","B: Middle",100,NA,8,"Instagram","woman",3,"Omnivorous","Eat beef","No","Left","DATA2002",8,0,6,"Yes","Second year",NA
5,"draw up a schedule and work through it in planned stages",20,"Yes","No","No","Yes","Fisher","Yes",7,"No","C: Furthest from the entrance","C: Furthest from the entrance",150,170,40,"Instagram","woman",7,"Omnivorous","Eat beef","No","Right","DATA2902",2,25,1,"Yes","Third year",80
4,"do them immediately",20,"Yes","No","No","No","Fisher","Yes",1,"No","C: Furthest from the entrance","C: Furthest from the entrance",100,183,50,"Reddit","man",7,"Omnivorous","Eat beef","Yes","Right","DATA2002",1,0,5,"Yes","Second year",45
NA,"cram at the last second",20,"Yes","Yes","Yes","Yes","Fisher","Yes",1,"Yes","C: Furthest from the entrance","A: Closest to the entrance",100,NA,6,"Other","man",6,"Omnivorous","Eat beef","No","Right","DATA2002",4,8,3,"Yes","Third year",NA
5,"cram at the last second",19,"Yes","No","No","No","SciTech","Yes",2,"No","C: Furthest from the entrance","C: Furthest from the entrance",10,176,4,"None","man",8,"Omnivorous","Eat beef","Yes","Right","DATA2902",5,14,3,"Yes","Second year",78
4,"draw up a schedule and work through it in planned stages",19,"Yes","Yes","No","No","Fisher","Yes",7,"No","C: Furthest from the entrance","C: Furthest from the entrance",200,170,20,"Instagram","man",7,"Omnivorous","I don't eat beef","No","Right","DATA2902",5,6,2,"Yes","Second year",86
NA,"draw up a schedule and work through it in planned stages",19,"No","Yes","No","Yes","Fisher","No",2,"No","C: Furthest from the entrance","C: Furthest from the entrance",30,165,10,"Twitter","man",7,"Omnivorous","Eat beef","Dont mind, its not amazing but its not bad. Really depends on the other toppings too","Right","DATA2002",10,0,4,"Yes","Second year",55
4,"draw up a schedule and work through it in planned stages",19,"No","Yes","No","Yes","Fisher","Yes",5,"Yes","C: Furthest from the entrance","A: Closest to the entrance",75,161,4,"Instagram","woman",8,"Omnivorous","Eat beef","No","Right","DATA2002",1,0,5,"Yes","Second year",75
2,"draw up a schedule and work through it in planned stages",31,"Yes","Yes","No","No","Fisher","Yes",2,"No","A: Closest to the entrance","A: Closest to the entrance",400,182,10,"Twitter","man",7,"Omnivorous","Eat beef","No","Right","DATA2902",5,30,1,"Yes","Fifth or higher year",83
4,"draw up a schedule and work through it in planned stages",22,"No","Yes","No","Yes","SciTech","No",3,"Yes","A: Closest to the entrance","A: Closest to the entrance",NA,175,20,"Other","man",7,"Omnivorous","Eat beef","No","Right","DATA2002",2,0,3,"No","Third year",72
NA,"cram at the last second",20,"Yes","No","No","No","SciTech","Yes",2,"No","C: Furthest from the entrance","C: Furthest from the entrance",100,170,10,"Instagram","man",8,"Omnivorous","Eat beef","Yes","Right","DATA2002",2,8,1,"Yes","Second year",78.4
4,"draw up a schedule and work through it in planned stages",20,"No","No","No","Yes","SciTech","No",1,"Yes","C: Furthest from the entrance","C: Furthest from the entrance",150,183,14,"Other","man",9,"Omnivorous","Eat beef","No","Right","DATA2002",3,0,2,"Yes","Second year",78.8
NA,"cram at the last second",20,"Yes","No","No","Yes","SciTech","Yes",4,"Yes","B: Middle","B: Middle",100,165,10,"Instagram","woman",7,"Omnivorous","Eat beef","Yes","Right","DATA2002",3,NA,1,"Yes","Second year",75
4,"draw up a schedule and work through it in planned stages",20,"No","Yes","Yes","Yes","Fisher","Yes",1,"Yes","B: Middle","B: Middle",500,170,40,"Instagram","woman",8,"Omnivorous","Eat beef","Yes","Right","DATA2002",5,0,3,"Yes","Second year",75
5,"cram at the last second",19,"Yes","No","No","Yes","SciTech","Yes",3,"No","A: Closest to the entrance","A: Closest to the entrance",30,170,25,"Tiktok","woman",9,"Omnivorous","Eat beef","Yes","Right","DATA2902",4,5,4,"Yes","Second year",79
NA,"do them immediately",19,"Yes","No","No","No","SciTech","No",2,"No","C: Furthest from the entrance","C: Furthest from the entrance",50,165,7,"Tiktok","man",8,"Omnivorous","Eat beef","Yes","Right","DATA2002",7,16,3,"Yes","Second year",72
NA,"draw up a schedule and work through it in planned stages",20,"Yes","No","No","No","Fisher","Yes",3,"No","C: Furthest from the entrance","B: Middle",100,185.4,80,"Instagram","man",6,"Omnivorous","I don't eat beef","No","Left","DATA2002",6,1,100,"Yes","Second year",75
4,"draw up a schedule and work through it in planned stages",24,"Yes","Yes","Yes","Yes","Fisher","Yes",3,"No","C: Furthest from the entrance","C: Furthest from the entrance",200,NA,40,"Twitter","man",6,"Omnivorous","Eat beef","Yes","Right","DATA2002",5,30,2,"No","Third year",75
NA,"cram at the last second",18,"No","Yes","No","No","Fisher","Yes",5,"No","C: Furthest from the entrance","C: Furthest from the entrance",100,172,12,"Tiktok","woman",8,"Omnivorous","Eat beef","sometimes","Right","DATA2002",8,12,24,"Yes","First year",NA
5,"cram at the last second",20,"No","No","No","No","Fisher","Yes",4,"No","C: Furthest from the entrance","C: Furthest from the entrance",80,188,15,"Other","man",8.5,"Omnivorous","Eat beef","Yes","Right","DATA2002",1,18,2,"Yes","Second year",78.8
1,"do them immediately",23,"Yes","No","No","Yes","SciTech","Yes",0,"Yes","C: Furthest from the entrance","C: Furthest from the entrance",100,191,20,"Twitter","man",6,"Omnivorous","Eat beef","Yes","Right","DATA2002",5,20,1,"Yes","Fifth or higher year",79
NA,"cram at the last second",20,"Yes","No","No","No","Fisher","Yes",0,"Yes","C: Furthest from the entrance","B: Middle",200,172,24,"Wechat","man",7,"Omnivorous","Eat beef","Yes","Right","DATA2002",5,0,5,"Yes","Second year",76
4,"do them immediately",19,"Yes","No","No","No","SciTech","No",5,"Yes",NA,NA,150,NA,45,"Other",NA,7,"Omnivorous","Eat beef","Yes","Right","DATA2902",5,0,2,"Yes","Second year",91
4,"do them immediately",21,"Yes","No","No","Yes","Fisher","Yes",4,"Yes","A: Closest to the entrance","C: Furthest from the entrance",30,154,30,"Instagram","woman",8,"Omnivorous","I don't eat beef","Yes","Right","DATA2002",3,8,5,"Yes","Second year",68
6,"do them immediately",21,"Yes","No","No","No","SciTech","Yes",2,"Yes",NA,"A: Closest to the entrance",100,170,35,"Instagram","woman",6.5,"Omnivorous","Eat beef","Yes","Right","DATA2002",7,14,2,"Yes","First year",84
6,"do them immediately",21,"Yes","Yes","Yes","Yes","Fisher","Yes",5,"Yes","C: Furthest from the entrance","C: Furthest from the entrance",6,NA,NA,"Other","man",10,"Vegan","Eat beef","Yes","Right","DATA2002",1,NA,1,"Yes","Third year",NA
4,"cram at the last second",20,"Yes","No","No","Yes","SciTech","Yes",2,"No","C: Furthest from the entrance","C: Furthest from the entrance",70,163,10,"Wechat","woman",7.5,"Omnivorous","Eat beef","Yes","Right","DATA2002",3,0,3,"Yes","Second year",NA
4,"draw up a schedule and work through it in planned stages",20,"Yes","No","No","Yes","SciTech","Yes",2,"Yes","C: Furthest from the entrance","C: Furthest from the entrance",70,163,40,"Instagram","woman",8,"Omnivorous","Eat beef","Yes","Right","DATA2902",1,0,4,"Yes","Second year",90
4,"draw up a schedule and work through it in planned stages",18,"Yes","Yes","Yes","Yes","Fisher","Yes",7,"Yes","C: Furthest from the entrance","C: Furthest from the entrance",500,158,10,"Wechat","woman",8,"Omnivorous","Eat beef","Yes","Right","DATA2002",0,10,2,"Yes","Second year",NA
NA,"do them immediately",19,"Yes",NA,"Yes","Yes","Fisher","No",NA,"Yes","C: Furthest from the entrance","C: Furthest from the entrance",NA,NA,NA,"Wechat",NA,12,"Vegetarian",NA,"Yes","Right","DATA2002",4,0,4,NA,NA,NA
7,"cram at the last second",21,"No","No","No","Yes","SciTech","Yes",2,"Yes","C: Furthest from the entrance","C: Furthest from the entrance",150,NA,21,"Other","woman",7,"Omnivorous","Eat beef","Yes","Right","DATA2002",5,0,4,"Yes","Second year",NA
4,"draw up a schedule and work through it in planned stages",20,"Yes","No","No","No","Fisher","Yes",6,"Yes","A: Closest to the entrance","C: Furthest from the entrance",180,183,15,"Instagram","man",8,"Omnivorous","Eat beef","Yes","Right","DATA2002",1,0,5,"Yes","Second year",67
5,"do them immediately",21,"Yes","Yes","No","Yes","Fisher","Yes",6,"Yes","C: Furthest from the entrance","A: Closest to the entrance",NA,162,30,"Tiktok","woman",7,"Pescatarian","Eat beef","Yes","Right","DATA2002",0,0,2,"Yes","Third year",60
NA,"draw up a schedule and work through it in planned stages",19,"Yes","No","No","Yes","Fisher","No",3,"Yes","C: Furthest from the entrance","C: Furthest from the entrance",350,158,20,"Instagram","woman",7,"Omnivorous","Eat beef","Yes","Right","DATA2002",5,24,1,"Yes","Second year",70
NA,"draw up a schedule and work through it in planned stages",19,"Yes","No","No","Yes","SciTech","No",1,"No",NA,"C: Furthest from the entrance",80,164,40,"Instagram","woman",5,"Omnivorous","Eat beef","Yes","Right","DATA2002",3,0,2,"Yes","Second year",NA
4,"draw up a schedule and work through it in planned stages",20,"Yes","No","No","No","Fisher","Yes",NA,"Yes","A: Closest to the entrance","A: Closest to the entrance",1000,175,24,"Wechat","man",7,"Omnivorous","Eat beef","Yes","Right","DATA2002",4,0,4,"No","First year",55
4,"draw up a schedule and work through it in planned stages",21,"Yes","Yes","Yes","Yes","Fisher","Yes",7,"Yes","C: Furthest from the entrance","C: Furthest from the entrance",50,170,8,"Tiktok","woman",8,"Omnivorous","Eat beef","Yes","Right","DATA2002",3,16,6,"No","Second year",75
NA,"cram at the last second",23,"Yes","Yes","No","No","Fisher","Yes",1,"Yes","C: Furthest from the entrance","A: Closest to the entrance",70,185,5,"Instagram","man",6.7,"Omnivorous","Eat beef","Accepted","Right","DATA2002",0,0,9,"Yes","Third year",60
4,"cram at the last second",21,"Yes","Yes","Yes","Yes","Fisher","Yes",5,"No","C: Furthest from the entrance","B: Middle",200,182,20,"Instagram","man",5,"Omnivorous","Eat beef","Yes","Right","DATA2002",2,20,2,"Yes","Fourth year",NA
4,"draw up a schedule and work through it in planned stages",23,"Yes","Yes","Yes","No","Fisher","Yes",3,"Yes","A: Closest to the entrance","B: Middle",250,165,10,"Instagram","man",8,"Omnivorous","Eat beef","No","Right","DATA2902",3,10,6,"Yes","Fourth year",78
3,"draw up a schedule and work through it in planned stages",19,"No","No","No","No","Fisher","Yes",0,"No","C: Furthest from the entrance","C: Furthest from the entrance",20,175,5,"Reddit","man",7,"Omnivorous","Eat beef","No","Right","DATA2902",5,6,3,"Yes","Second year",70
6,"do them immediately",22,"No","Yes","No","No","SciTech","Yes",3,"Yes","C: Furthest from the entrance","C: Furthest from the entrance",200,176,50,"Instagram","man",5,"Omnivorous","Eat beef","Yes","Right","DATA2002",7,0,2,"Yes","Second year",70
4,"draw up a schedule and work through it in planned stages",19,"Yes","No","No","Yes","Fisher","Yes",2,"Yes","C: Furthest from the entrance","B: Middle",400,163,35,"Tiktok","woman",8,"Pescatarian","Eat beef","No","Right","DATA2002",3,0,8,"Yes","Second year",NA
5,"do them immediately",19,"No","Yes","No","Yes","Fisher","Yes",0,"No","C: Furthest from the entrance","A: Closest to the entrance",30,180,12,"Youtube","man",8,"Omnivorous","Eat beef","Yes","Right","DATA2902",7,0,4,"Yes","Second year",71
4,"do them immediately",20,"Yes","Yes","No","Yes","Fisher","No",0,"Yes","C: Furthest from the entrance","C: Furthest from the entrance",40,171,21,"Instagram","woman",7,"Vegan","I don't eat beef","No","Right","DATA2002",12,5,3,"Yes","Second year",78
4,"draw up a schedule and work through it in planned stages",19,"Yes","Yes","Yes","No","SciTech","No",7,"Yes","C: Furthest from the entrance","C: Furthest from the entrance",75,165,20,"Tiktok","man",7.5,"Omnivorous","Eat beef","Yes","Right","DATA2002",0,0,5,"Yes","Second year",91.15
5,"draw up a schedule and work through it in planned stages",19,"Yes","No","No","No","Fisher","Yes",3,"Yes","B: Middle","B: Middle",85,180,50,"Other","man",8,"Omnivorous","Eat beef","Yes","Left","DATA2002",2,0,4,"Yes","Second year",69
5,"draw up a schedule and work through it in planned stages",20,"Yes","No","No","Yes","SciTech","Yes",1,"No","C: Furthest from the entrance","A: Closest to the entrance",150,179,10,"Instagram","woman",8,"Omnivorous","Eat beef","No","Left","DATA2002",4,20,2,"Yes","Second year",80
4,"draw up a schedule and work through it in planned stages",21,"Yes","No","No","Yes","Fisher","Yes",3,"Yes","A: Closest to the entrance","C: Furthest from the entrance",130,NA,35,"Instagram","woman",7,"Omnivorous","Eat beef","No","Right","DATA2002",4,4,4,"Yes","Fourth year",75
NA,"cram at the last second",19,"Yes","Yes","No","Yes","Fisher","Yes",0,"No",NA,"C: Furthest from the entrance",20,170,14,"Wechat","woman",8,"Vegetarian","Eat beef","No","Right","DATA2902",5,0,3,"Yes","Second year",74.4
7,"draw up a schedule and work through it in planned stages",19,"Yes","No","No","No","Fisher","Yes",7,"Yes","C: Furthest from the entrance","C: Furthest from the entrance",500,173,22,"Youtube","man",7,"Omnivorous","Eat beef","No","Right","DATA2902",2,8,6,"Yes","Second year",63
4,"do them immediately",21,"No","No","No","Yes","Fisher","Yes",4,"Yes","C: Furthest from the entrance","C: Furthest from the entrance",87,192,25,"Instagram","man",7,"Omnivorous","Eat beef","Yes","Right","DATA2002",9,0,4,"Yes","Second year",82.5
4,"draw up a schedule and work through it in planned stages",23,"Yes","No","No","Yes","Fisher","Yes",2,"Yes","C: Furthest from the entrance",NA,30,157,30,"Instagram","woman",6,"Omnivorous","Eat beef","Yes","Right","DATA2002",5,0,4,"Yes","Second year",NA
4,"cram at the last second",20,"Yes","No","No","Yes","SciTech","Yes",5,"No",NA,"A: Closest to the entrance",2,NA,7,"Other","woman",8,"Omnivorous","Eat beef","Yes","Right","DATA2002",1,0,3,"Yes","Second year",52
4,"do them immediately",20,"Yes","No","No","No","SciTech","Yes",4,"No","C: Furthest from the entrance","C: Furthest from the entrance",50,178,30,"Instagram","man",7,"Omnivorous","Eat beef","No","Right","DATA2002",2,0,2,"No","Second year",85
NA,"cram at the last second",21,"Yes","Yes","Yes","Yes","SciTech","Yes",4,"No","C: Furthest from the entrance","C: Furthest from the entrance",50,177,6,"Instagram","man",6,"Omnivorous","Eat beef","Yes","Right","DATA2002",NA,17.5,7,"Yes","Second year",74
4,"draw up a schedule and work through it in planned stages",19,"Yes","No","No","Yes","Fisher","No",1,"Yes","C: Furthest from the entrance","B: Middle",120,168,35,"Instagram",NA,7,"Omnivorous","Eat beef","Yes","Right","DATA2002",7,15,3,"Yes","Second year",87.55
5,"draw up a schedule and work through it in planned stages",19,"Yes","Yes","Yes","Yes","SciTech","Yes",2,"Yes","A: Closest to the entrance","A: Closest to the entrance",NA,NA,NA,"Tiktok","woman",7,"Omnivorous","Eat beef","No","Right","DATA2002",3,NA,NA,"No","First year",NA
4,"do them immediately",19,"Yes","No","No","Yes","Fisher","Yes",5,"No","A: Closest to the entrance","A: Closest to the entrance",75,175,25,"Tiktok","man",6,"Omnivorous","Eat beef","Yes","Right","DATA2902",8,16,3,"Yes","Second year",85.5
3,"cram at the last second",25,"Yes","Yes","No","Yes","SciTech","Yes",5,"Yes","C: Furthest from the entrance","C: Furthest from the entrance",70,180,10,"Twitter","man",7,"Omnivorous","Eat beef","Yes","Right","DATA2002",3,24,2,"Yes","Third year",60
4,"cram at the last second",19,"Yes","Yes","Yes","No","Fisher","Yes",5,"No","A: Closest to the entrance","A: Closest to the entrance",50,185,NA,"None","man",8,"Omnivorous","Eat beef","Yes","Right","DATA2002",NA,12,1,"Yes","Second year",80
4,"draw up a schedule and work through it in planned stages",20,"No","Yes","No","Yes","Fisher","No",5,"Yes","C: Furthest from the entrance","C: Furthest from the entrance",70,175,10,"Other","man",8,"Omnivorous","Eat beef","Yes","Right","DATA2002",8,0,5,"Yes","First year",NA
NA,"draw up a schedule and work through it in planned stages",39,"Yes","Yes","No","No","Fisher","Yes",0,"Yes","A: Closest to the entrance","C: Furthest from the entrance",300,180,30,"Other","man",7,"Omnivorous","Eat beef","Yes","Right","DATA2002",5,40,0.5,"Yes","First year",83
5,"draw up a schedule and work through it in planned stages",20,"Yes","No","No","No","Fisher","No",0,"Yes","C: Furthest from the entrance","C: Furthest from the entrance",100,185,20,"Wechat","man",8,NA,"Eat beef","Yes","Left","DATA2002",0,0,1,"No","First year",NA
4,"draw up a schedule and work through it in planned stages",21,"Yes","No","No","Yes","SciTech","No",1,"Yes","C: Furthest from the entrance","C: Furthest from the entrance",500,170,30,"Instagram","woman",6,"Omnivorous","Eat beef","Yes","Right","DATA2002",6,0,5,"Yes","Second year",70
4,"draw up a schedule and work through it in planned stages",19,"Yes","No","No","No","Fisher","No",1,"No","C: Furthest from the entrance","C: Furthest from the entrance",70,176,35,"Instagram","woman",6,"Omnivorous",NA,"Yes","Left","DATA2902",7,20,0.8,"Yes","Second year",85
5,"cram at the last second",23,"Yes","No","No","Yes","Fisher","Yes",2,"Yes","B: Middle","C: Furthest from the entrance",150,175,30,"Other","man",7,"Omnivorous","Eat beef","No","Right","DATA2002",8,0,3,"Yes","First year",76.3
4,"cram at the last second",19,"Yes","No","No","Yes","Fisher","Yes",5,"No","A: Closest to the entrance","C: Furthest from the entrance",100,179,10,"Instagram","man",7,"Omnivorous","Eat beef","Yes","Right","DATA2002",3,0,4,"No","Third year",63
5,"do them immediately",33,"Yes","Yes","No","No","Fisher","No",7,"No","B: Middle","C: Furthest from the entrance",200,185,14,"None",NA,7,"Omnivorous","Eat beef","No","Right","DATA2002",3,7.5,1,"Yes","Third year",77
4,"draw up a schedule and work through it in planned stages",19,"Yes","No","No","No","SciTech","No",7,"No","C: Furthest from the entrance","B: Middle",60,175,20,"Instagram","woman",7.5,"Omnivorous","Eat beef","Yes","Right","DATA2902",3,8,2,"Yes","Second year",85.6
NA,"draw up a schedule and work through it in planned stages",21,"Yes","Yes","No","No","Fisher","Yes",0,"Yes","B: Middle","B: Middle",130,192,50,"Wechat","man",7,"Omnivorous","Eat beef","Yes","Right","DATA2002",0,0,3,"Yes","First year",80
5,"cram at the last second",22,"Yes","Yes","No","Yes","Fisher","Yes",1,"Yes","A: Closest to the entrance","A: Closest to the entrance",120,178,35,"Instagram","man",6,"Omnivorous","Eat beef","Yes","Right","DATA2002",5,15,1,"Yes","Second year",85
4,"cram at the last second",19,"Yes","No","No","Yes","Fisher","Yes",5,"Yes","B: Middle","B: Middle",180,178,20,"Youtube","man",8,"Omnivorous","Eat beef","No","Right","DATA2002",6,10,4,"Yes","Second year",80
NA,"cram at the last second",19,"Yes","Yes","No","Yes","Fisher",NA,NA,"No",NA,"C: Furthest from the entrance",200,158,10,"Instagram","woman",6.5,NA,"Eat beef","Depends on the pizza type","Left","DATA2902",7,0,4,"Yes","Second year",72.5
5,"do them immediately",19,"No","Yes","Yes","No","Fisher","Yes",0,"Yes","C: Furthest from the entrance","C: Furthest from the entrance",100,165,27,"Instagram","woman",7,"Omnivorous","Eat beef","Yes","Right","DATA2002",5,20,5,"Yes","First year",72.5
NA,"cram at the last second",19,NA,"No","No","Yes","SciTech","Yes",7,"No",NA,"B: Middle",50,173,NA,"Instagram","woman",9,"Omnivorous","Eat beef","No","Right","DATA2002",10,20,2,"Yes","Second year",89
4,"draw up a schedule and work through it in planned stages",19,"Yes","No","No","No",NA,"Yes",3,"No","A: Closest to the entrance","A: Closest to the entrance",350,NA,15,"Instagram","man",8,"Omnivorous","Eat beef","No","Right","DATA2902",7,21,1.75,"Yes","Second year",90.8
NA,NA,19,"Yes",NA,"No","No",NA,NA,NA,"No",NA,"A: Closest to the entrance",NA,NA,NA,"None",NA,8,NA,NA,"Yes",NA,"DATA2902",2,NA,3,NA,NA,85
4,"draw up a schedule and work through it in planned stages",19,"Yes","No","No","Yes","Fisher","Yes",4,"No","A: Closest to the entrance","A: Closest to the entrance",500,173,30,"Instagram","woman",9,"Omnivorous","Eat beef","Yes","Ambidextrous","DATA2002",4,0,2,"Yes","Third year",70
4,"cram at the last second",19,"No","No","No","No","Fisher","Yes",5,"No","C: Furthest from the entrance","A: Closest to the entrance",100,188,8,"Instagram","man",9,"Omnivorous","Eat beef","No","Right","DATA2002",5,15,4,"No","Second year",75
4,"do them immediately",20,"Yes","Yes","Yes","Yes","Fisher","Yes",7,"No","C: Furthest from the entrance","A: Closest to the entrance",40,183,10,"Other","man",9,NA,"I don't eat beef","Yes","Right","DATA2002",9,15,1,"No","Second year",90
4,"draw up a schedule and work through it in planned stages",19,"No","Yes","No","No",NA,"Yes",1,"No","C: Furthest from the entrance","C: Furthest from the entrance",75,165,15,"Instagram","woman",7,NA,"Eat beef","No","Right","DATA2902",0,6,3,"Yes","Second year",75.5
7,"cram at the last second",19,"No","No","No","No","SciTech","No",1,"No","C: Furthest from the entrance","B: Middle",300,183,35,"Other","man",8.5,"Omnivorous","Eat beef","No preference","Right","DATA2902",10,4,3,"Yes","Second year",89
5,"cram at the last second",22,"Yes","No","No","Yes","SciTech","Yes",3,"Yes","C: Furthest from the entrance","C: Furthest from the entrance",90,171,57,"Reddit","man",6,"Omnivorous","Eat beef","No","Right","DATA2002",5,0,3,"Yes","Second year",67
4,"draw up a schedule and work through it in planned stages",24,"Yes","Yes","Yes","Yes","Fisher","Yes",3,"No","C: Furthest from the entrance","C: Furthest from the entrance",NA,NA,32,"Other",NA,8,NA,"Eat beef","No","Left","DATA2002",NA,5,1,"Yes","Fourth year",60
6,"cram at the last second",NA,"Yes","No","No","Yes","Fisher","Yes",2,"Yes","A: Closest to the entrance","C: Furthest from the entrance",400,183,10,"Tiktok","man",9,"Omnivorous","Eat beef","Yes","Right","DATA2002",5,0,3,"Yes","Second year",50
4,"cram at the last second",20,"Yes","No","No","Yes","SciTech","Yes",2,"Yes",NA,"B: Middle",50,155,3,"Instagram","woman",8,"Omnivorous","Eat beef","No","Right","DATA2902",3,2,3,"Yes","Second year",75.5
4,"cram at the last second",21,"Yes","Yes","No","No","SciTech","Yes",1,"Yes","C: Furthest from the entrance","C: Furthest from the entrance",350,NA,4,"Instagram","man",6,"Omnivorous","Eat beef","Yes","Right","DATA2002",10,25,4,"Yes","Second year",NA
3,"cram at the last second",19,"Yes","No","No","No","Fisher","Yes",5,"No","C: Furthest from the entrance","C: Furthest from the entrance",40,180,15,"Youtube","man",7,"Omnivorous","Eat beef","No","Right","DATA2002",25,6,2,"Yes","Second year",60
3,"cram at the last second",20,"Yes","No","No","No","SciTech","Yes",2,"No","C: Furthest from the entrance","C: Furthest from the entrance",NA,175,NA,"None","man",8,"Omnivorous","Eat beef","No","Right","DATA2902",NA,4,6,"Yes","Third year",NA
6,"draw up a schedule and work through it in planned stages",19,"No","No","No","No","Fisher","No",5,"No","C: Furthest from the entrance","C: Furthest from the entrance",25,170,20,"Instagram","man",8,"Omnivorous","Eat beef","Yes","Right","DATA2002",4,15,4,"Yes","Second year",82.9
5,"cram at the last second",19,"Yes","Yes","No","No","SciTech","No",2,"Yes","C: Furthest from the entrance","A: Closest to the entrance",100,178,NA,"Instagram","man",10,"Omnivorous","Eat beef","why is this a question","Right","DATA2002",6,0,2,"Yes","First year",78
4,"draw up a schedule and work through it in planned stages",19,"No","Yes","Yes","No",NA,"Yes",2,"No",NA,"C: Furthest from the entrance",25,160,25,"Reddit","woman",7,"Omnivorous",NA,"Yes","Right","DATA2002",NA,7.5,1,"Yes","Second year",90
6,"do them immediately",20,"Yes","No","No","No","Fisher","Yes",5,"Yes","A: Closest to the entrance","A: Closest to the entrance",50,176,7,"Other","man",7,"Omnivorous","I don't eat beef","No","Right","DATA2002",12,0,2,"No","Second year",73
4,"cram at the last second",19,"Yes","Yes","Yes","Yes","Fisher","No",3,"Yes",NA,"A: Closest to the entrance",100,177,30,"None","woman",8,"Omnivorous","Eat beef","Yes","Right","DATA2002",15,NA,8,"Yes","Second year",NA
4,"do them immediately",24,"No","Yes","No","Yes","Fisher","No",1,"Yes","B: Middle","B: Middle",120,168,10,"Other","man",8,"Omnivorous","Eat beef","Yes","Right","DATA2902",6,0,0,"Yes","Third year",69
5,"do them immediately",19,"Yes","Yes","No","Yes","Fisher","Yes",7,"Yes","A: Closest to the entrance","C: Furthest from the entrance",200,192,10,"Other","man",7,"Omnivorous","Eat beef","Yes","Right","DATA2002",7,4,1,"Yes","Second year",67
NA,"draw up a schedule and work through it in planned stages",22,"Yes","Yes","No","Yes","Fisher","Yes",2,"No","A: Closest to the entrance","B: Middle",50,175,15,"Reddit","man",8,"Omnivorous","Eat beef","Yes","Right","DATA2002",20,5,4,"Yes","Third year",72
4,"draw up a schedule and work through it in planned stages",21,"Yes","Yes","No","No","Fisher","Yes",4,"Yes","C: Furthest from the entrance","C: Furthest from the entrance",180,175,30,"Wechat","man",8,"Omnivorous","Eat beef","Yes","Right","DATA2002",8,0,1.5,"Yes","Second year",70
4,"cram at the last second",20,"No","Yes","No","Yes","Fisher","Yes",7,"Yes","A: Closest to the entrance","C: Furthest from the entrance",200,176,56,"Other","man",10,"Omnivorous","Eat beef","No","Right","DATA2002",2,0,4,"Yes","Second year",60
4,"cram at the last second",19,"Yes","No","No","No","SciTech","Yes",5,"No","C: Furthest from the entrance","C: Furthest from the entrance",120,NA,15,"Other","man",5,"Omnivorous","Eat beef","No","Right","DATA2002",1,27.5,3,"Yes","Second year",NA
4,"do them immediately",19,"No","No","No","Yes",NA,"Yes",3,"Yes","C: Furthest from the entrance","C: Furthest from the entrance",150,185,5,"None","man",7,"Omnivorous","Eat beef","Yes","Right","DATA2002",0,10,2,"Yes","Second year",NA
4,"draw up a schedule and work through it in planned stages",19,"Yes","No","No","Yes","SciTech","No",7,"No",NA,"C: Furthest from the entrance",40,158,8,"None","woman",6,"Vegetarian","I don't eat beef","No","Right","DATA2002",4,30,3,"Yes","Second year",80
NA,"draw up a schedule and work through it in planned stages",19,"Yes","Yes","Yes","Yes","SciTech","Yes",2,"No","C: Furthest from the entrance","C: Furthest from the entrance",30,160,7,"Instagram","woman",6,"Omnivorous","Eat beef","Yes","Right","DATA2002",3,11,2,"Yes","Second year",NA
NA,"draw up a schedule and work through it in planned stages",18,"Yes","No","No","Yes","SciTech","Yes",0,"No","C: Furthest from the entrance","B: Middle",70,168,32,"Other","woman",8,"Omnivorous","Eat beef","Yes","Right","DATA2002",NA,5,2,"Yes","First year",89
NA,"do them immediately",20,NA,"No","No","No","Fisher","Yes",NA,"No",NA,NA,NA,161,10,"Other",NA,NA,"Vegetarian","I don't eat beef","No","Right","DATA2002",NA,6,NA,"Yes","Second year",NA
4,"draw up a schedule and work through it in planned stages",20,"Yes","Yes","No","Yes","Fisher","Yes",NA,NA,NA,"B: Middle",NA,NA,NA,"Instagram","woman",7,"Omnivorous","Eat beef","No","Right","DATA2002",NA,NA,NA,"Yes","Second year",NA
4,"do them immediately",24,"Yes","Yes","Yes","No",NA,"Yes",2,"Yes","B: Middle","B: Middle",50,NA,10,"Instagram","woman",9,"Omnivorous","Eat beef","Yes","Right","DATA2002",2,0,3,"Yes","Third year",75
4,"do them immediately",20,"Yes","No","No","Yes","Fisher","Yes",4,"Yes","C: Furthest from the entrance","C: Furthest from the entrance",100,173,26,"Instagram","man",7,"Omnivorous","Eat beef","Yes","Right","DATA2002",6,0,5,"Yes","Second year",70
4,"cram at the last second",20,"Yes","No","No","No","Fisher","Yes",4,"Yes","C: Furthest from the entrance","B: Middle",200,164,6,"Instagram","woman",8,"Omnivorous","I don't eat beef","Yes","Ambidextrous","DATA2002",4,0,5,"Yes","Second year",70
5,"do them immediately",20,"Yes","No","Yes","Yes","Fisher","Yes",6,"Yes","C: Furthest from the entrance","C: Furthest from the entrance",120,163,40,"Wechat","woman",7,"Omnivorous","Eat beef","Yes","Right","DATA2002",6,0,6,"No","Second year",86
4,"draw up a schedule and work through it in planned stages",22,"No","No","No","Yes",NA,"Yes",7,"Yes","C: Furthest from the entrance","A: Closest to the entrance",100,175,15,"Other","man",6,"Vegan","Eat beef","Yes",NA,"DATA2002",0,0,1,"Yes","Third year",60
4,"do them immediately",20,"Yes","No","No","Yes","SciTech","Yes",4,"Yes","C: Furthest from the entrance","C: Furthest from the entrance",100,167,10,"Youtube","man",8,"Omnivorous","Eat beef","No","Right","DATA2002",10,8,2,"Yes","Second year",74
4,"draw up a schedule and work through it in planned stages",20,"Yes","No","No","Yes","Fisher","Yes",4,"No","A: Closest to the entrance","A: Closest to the entrance",80,184,2,"Instagram","man",8,"Omnivorous","Eat beef","Yes","Right","DATA2902",15,18,3,"Yes","Second year",75
5,"cram at the last second",19,"Yes","No","No","No",NA,"Yes",7,"Yes","C: Furthest from the entrance","C: Furthest from the entrance",100,162,5,"Instagram","woman",10,"Omnivorous","Eat beef","Yes","Right","DATA2002",3,0,6,"Yes","Second year",82.5
5,"cram at the last second",19,"Yes","No","No","No","SciTech","Yes",5,"No","C: Furthest from the entrance","A: Closest to the entrance",150,183,50,"Youtube","man",6.5,"Omnivorous","Eat beef","Yes","Right","DATA2902",2,0,4,"Yes","Second year",89
4,"do them immediately",20,"Yes","Yes","No","Yes",NA,"Yes",3,"No","C: Furthest from the entrance","B: Middle",300,170,40,"Instagram","woman",7,"Omnivorous","Eat beef","Yes","Right","DATA2902",7,20,3,"Yes","Second year",80
4,"draw up a schedule and work through it in planned stages",23,"Yes","Yes","No","Yes","SciTech","No",1,"Yes","A: Closest to the entrance","A: Closest to the entrance",150,177,30,"Other","man",6,"Vegetarian","I don't eat beef","Yes","Right","DATA2002",5,15,0.5,"Yes","Second year",85
4,"draw up a schedule and work through it in planned stages",19,"Yes","No","No","No","Fisher","Yes",3,"No","C: Furthest from the entrance","B: Middle",20,NA,20,"Instagram","man",8,"Omnivorous","Eat beef","Yes","Right","DATA2002",7,10,3,"Yes","Second year",79
4,"draw up a schedule and work through it in planned stages",20,"No","Yes","No","No",NA,"Yes",0,"Yes","C: Furthest from the entrance","C: Furthest from the entrance",500,170,70,"Reddit","man",8,"Omnivorous","Eat beef","Yes","Right","DATA2002",0,0,8,"Yes","Second year",80
4,"draw up a schedule and work through it in planned stages",23,"Yes","No","No","No","SciTech","Yes",4,"Yes","C: Furthest from the entrance","C: Furthest from the entrance",100,183,20,"Instagram","man",8,"Omnivorous","Eat beef","No","Right","DATA2002",5,0,3,"No","Fourth year",90
NA,"draw up a schedule and work through it in planned stages",20,"Yes","No","No","No","Fisher","Yes",5,"No","C: Furthest from the entrance","C: Furthest from the entrance",25,185,10,"Instagram","man",7,"Omnivorous","Eat beef","Yes","Right","DATA2002",6,7,3,"Yes","Third year",83
4,"draw up a schedule and work through it in planned stages",19,"No","No","No","Yes","SciTech","Yes",2,"No","C: Furthest from the entrance","B: Middle",25,186,20,"Instagram","man",8,"Omnivorous","Eat beef","Yes","Right","DATA2902",8,20,1,"Yes","Second year",90
6,"draw up a schedule and work through it in planned stages",19,"No","Yes","No","Yes",NA,"Yes",0,"Yes","B: Middle","C: Furthest from the entrance",50,159,25,"Instagram","woman",7,"Vegetarian","I don't eat beef","No","Right","DATA2002",4,0,4,"Yes","Second year",55
4,"cram at the last second",20,NA,"No","No","No","Fisher","Yes",3,"No","A: Closest to the entrance","A: Closest to the entrance",40,174,3,"Tiktok","man",7.5,"Omnivorous","Eat beef","Yes","Left","DATA2002",7,6,2,"Yes","Second year",60
4,"draw up a schedule and work through it in planned stages",20,"Yes","Yes","Yes","Yes","Fisher","Yes",2,"Yes","C: Furthest from the entrance","B: Middle",120,160,30,"Instagram","woman",7,"Omnivorous","Eat beef","Yes","Right","DATA2002",3,0,15,"No","Second year",60.5
4,"draw up a schedule and work through it in planned stages",20,"Yes","No","No","No","SciTech","Yes",1,"No","A: Closest to the entrance","B: Middle",100,160,10,"Instagram","woman",7,"Vegetarian","Eat beef","Yes","Right","DATA2002",0,14,5,"Yes","Third year",70
5,"draw up a schedule and work through it in planned stages",21,"Yes","No","No","Yes","Fisher","Yes",2,"Yes","B: Middle","B: Middle",280,185,20,"Wechat","man",8,"Omnivorous","Eat beef","Yes","Right","DATA2002",3,0,2,"No","Second year",NA
NA,"draw up a schedule and work through it in planned stages",21,"Yes","No","No","Yes","SciTech","Yes",3,"Yes","B: Middle","B: Middle",300,165,6,"Wechat","woman",5,"Omnivorous","Eat beef","Yes","Right","DATA2002",0,2,10,"Yes","Second year",90.2
4,"cram at the last second",20,"Yes","Yes","No","Yes","Fisher","Yes",3,"Yes","C: Furthest from the entrance","A: Closest to the entrance",120,177,25,"Instagram","man",6,"Omnivorous","Eat beef","No","Right","DATA2002",3,0,2,"Yes","Third year",56
3,"draw up a schedule and work through it in planned stages",20,"Yes","No","No","No","SciTech","No",6,"No","B: Middle","A: Closest to the entrance",40,169,20,"Other","man",8,"Omnivorous","Eat beef","Yes","Right","DATA2002",3,5,2,"Yes","Second year",85.5
4,"draw up a schedule and work through it in planned stages",19,"Yes","Yes","No","No","Fisher","Yes",3,"Yes","C: Furthest from the entrance","B: Middle",50,NA,25,"Instagram","man",8,"Omnivorous","Eat beef","Yes","Right","DATA2002",4,5,3,"No","Second year",80
4,"draw up a schedule and work through it in planned stages",19,"Yes","Yes","Yes","Yes","Fisher","Yes",7,"No","C: Furthest from the entrance","C: Furthest from the entrance",20,165,35,"Instagram","woman",7,"Omnivorous","Eat beef","No","Right","DATA2902",5,16,4,"Yes","Second year",73
4,"draw up a schedule and work through it in planned stages",19,"No","Yes","No","Yes","Fisher","Yes",7,"No","C: Furthest from the entrance","B: Middle",40,160,10,"Twitter","woman",7,"Omnivorous","Eat beef","Yes","Right","DATA2902",5,NA,2,"Yes","Second year",NA
NA,"draw up a schedule and work through it in planned stages",21,NA,"Yes","Yes","Yes","SciTech","Yes",2,"No","C: Furthest from the entrance","B: Middle",200,160,20,"Other","woman",8,"Omnivorous","Eat beef","Yes","Right","DATA2902",5,0,3,"Yes","Third year",50
4,"do them immediately",20,"Yes","Yes","No","No","Fisher","Yes",7,"Yes","C: Furthest from the entrance","C: Furthest from the entrance",15,174,4,"Wechat","woman",10,"Omnivorous","Eat beef","Yes","Right","DATA2002",0,0,10,"Yes","Second year",75
3,"cram at the last second",NA,"Yes","Yes","No","Yes","Fisher","No",2,"No","C: Furthest from the entrance","A: Closest to the entrance",200,188,20,"None",NA,8,"Omnivorous","Eat beef","Yes","Right","DATA2002",5,40,3,"Yes","Fifth or higher year",NA
4,"cram at the last second",21,"No","No","No","No","Fisher","No",7,"Yes","C: Furthest from the entrance","B: Middle",50,170,12,"Twitter","man",7,"Omnivorous","Eat beef","Yes","Right","DATA2002",1,0,0,"Yes","Second year",72
5,"draw up a schedule and work through it in planned stages",19,"Yes","No","No","Yes","Fisher","Yes",4,"No","C: Furthest from the entrance","B: Middle",120,163,40,"Other","woman",6,"Omnivorous","Eat beef","Yes",NA,"DATA2002",10,0,3,"Yes","Second year",NA
4,"do them immediately",21,"No","Yes","Yes","No",NA,"No",5,"Yes","A: Closest to the entrance","B: Middle",100,160,30,"Tiktok","woman",6,"Omnivorous","Eat beef","no opinion, i eat whatever","Right","DATA2002",0,6,10,"Yes","Third year",77
7,"draw up a schedule and work through it in planned stages",21,"No","Yes","No","Yes","Fisher","Yes",4,"Yes","C: Furthest from the entrance","C: Furthest from the entrance",40,177,30,"Wechat","man",6,"Omnivorous","Eat beef","Yes","Right","DATA2002",0,0,7,"Yes","Second year",NA
4,"do them immediately",20,"Yes","Yes","No",NA,"SciTech","Yes",5,"Yes","C: Furthest from the entrance","C: Furthest from the entrance",200,162,4,"Instagram","woman",7,"Omnivorous","Eat beef","Yes","Right","DATA2002",2,0,4,"No","First year",NA
2,"draw up a schedule and work through it in planned stages",20,"Yes","Yes","Yes","Yes","Fisher","Yes",2,"No","B: Middle","B: Middle",100,NA,5,"Other","woman",6,"Omnivorous","Eat beef","Yes","Right","DATA2002",3,10,4,"Yes","Third year",NA
4,"cram at the last second",21,"Yes","No","No","No","Fisher","Yes",1,"Yes","C: Furthest from the entrance","C: Furthest from the entrance",50,153,10,"Instagram","woman",6,"Omnivorous","Eat beef","Yes","Right","DATA2002",1,20,3,"Yes","Second year",75
4,"do them immediately",21,"No","No","No","Yes","Fisher","Yes",7,"Yes","B: Middle","B: Middle",98,165,27,"Instagram","man",6,"Omnivorous","Eat beef","Yes","Left","DATA2002",7.5,0,2,"Yes","Third year",77
5,"do them immediately",22,"Yes","No","No","No","Fisher","Yes",0,"Yes","C: Furthest from the entrance","A: Closest to the entrance",40,181,8,"Wechat","man",8,"Vegan","Eat beef","Yes","Right","DATA2002",2,10,3,"Yes","Third year",NA
NA,"cram at the last second",21,"Yes","No","No","No","Fisher","Yes",3,"No","C: Furthest from the entrance","C: Furthest from the entrance",200,182,30,"Instagram","man",7,"Omnivorous","Eat beef","Yes","Right","DATA2002",4,12,2,"Yes","Fourth year",78
5,"cram at the last second",20,"Yes","Yes","No","Yes","Fisher","Yes",3,"No","A: Closest to the entrance","C: Furthest from the entrance",150,180,18,"Tiktok","man",8,"Omnivorous","Eat beef","Yes","Right","DATA2002",3,16,2,"Yes","Fourth year",87
NA,"do them immediately",23,"Yes","No","No","Yes","Fisher","Yes",2,"No","A: Closest to the entrance","A: Closest to the entrance",15,177,10,"None","man",9,"Omnivorous","Eat beef","Yes","Right","DATA2002",10,2,4,"Yes","Third year",69
4,"draw up a schedule and work through it in planned stages",20,"No","Yes","No","No","Fisher","Yes",7,"Yes","C: Furthest from the entrance","A: Closest to the entrance",300,179,28,"Wechat","man",8,"Omnivorous","Eat beef","Yes","Right","DATA2002",5,0,1,"Yes","Second year",NA
6,"draw up a schedule and work through it in planned stages",19,"No","No","No","Yes","SciTech","Yes",5,"No",NA,"A: Closest to the entrance",5,158,10,"Instagram","woman",7,"Omnivorous","Eat beef","No","Ambidextrous","DATA2002",2,5,3,"Yes","Second year",76
3,"draw up a schedule and work through it in planned stages",19,"Yes","Yes","No","Yes","Fisher","Yes",6,"Yes","A: Closest to the entrance","B: Middle",70,170,NA,"Instagram","woman",7,"Omnivorous","Eat beef","No","Right","DATA2002",2,5,NA,"Yes","Second year",NA
5,"cram at the last second",19,"Yes","No","No","No","SciTech","No",6,"Yes","C: Furthest from the entrance","C: Furthest from the entrance",250,184,50,"Instagram","man",8,"Omnivorous","Eat beef","Yes","Right","DATA2902",0,0,3,"Yes","Second year",78
4,"draw up a schedule and work through it in planned stages",20,"Yes","Yes","No","No","Fisher","Yes",1,"Yes","C: Furthest from the entrance","C: Furthest from the entrance",100,160,35,"Instagram","woman",8,"Omnivorous","Eat beef","Yes",NA,"DATA2002",4,0,2,"Yes","Second year",75
8,"draw up a schedule and work through it in planned stages",21,"Yes","No","No","Yes","SciTech","Yes",3,"Yes",NA,NA,80,168,20,"None","woman",8,"Omnivorous","Eat beef","No","Right","DATA2002",4,0,6,"Yes","First year",NA
4,"cram at the last second",NA,"No","No","No","Yes",NA,"No",NA,"No","C: Furthest from the entrance","C: Furthest from the entrance",50,NA,1,"Twitter","woman",9,"Omnivorous","Eat beef","Yes","Right","DATA2902",5,1,6,"Yes","Second year",NA
6,"do them immediately",20,"Yes","Yes","Yes","Yes","Fisher","Yes",4,"Yes","C: Furthest from the entrance","B: Middle",270,162,55,"Other","woman",7,"Omnivorous","Eat beef","Yes","Right","DATA2002",1,0,3,"Yes","Second year",70
4,"cram at the last second",19,"Yes","Yes","No","Yes","SciTech","No",3,"Yes","C: Furthest from the entrance","B: Middle",40,163,15,"Youtube","woman",7,"Omnivorous","Eat beef","No","Right","DATA2902",3,0.5,4,"Yes","Second year",65
5,"draw up a schedule and work through it in planned stages",20,"Yes","No","No","Yes","SciTech","Yes",7,"No",NA,"B: Middle",100,160,15,"Instagram","woman",7,"Omnivorous","Eat beef","No","Right","DATA2002",2,14,8,"No","Second year",77
4,"cram at the last second",20,"Yes","Yes","No","No","SciTech","Yes",5,"Yes","C: Furthest from the entrance","C: Furthest from the entrance",200,179,15,"Other","man",8,"Omnivorous","Eat beef","Yes","Right","DATA2902",10,18,3,"Yes","Third year",80.8
4,"cram at the last second",19,"Yes","No","No","No",NA,"No",1,"Yes",NA,"C: Furthest from the entrance",30,156,20,"Other","woman",6,"Vegetarian","I don't eat beef","dont mind","Right","DATA2902",3,0,2,"Yes","Second year",74
NA,"cram at the last second",19,"No","No","No","No","Fisher","No",3,"No","C: Furthest from the entrance","B: Middle",40,NA,5,"Instagram","man",8,"Omnivorous","Eat beef","Yes","Right","DATA2002",2,0,1,"Yes","Second year",70
4,"draw up a schedule and work through it in planned stages",19,"Yes","No","No","No","Fisher","No",2,"No","C: Furthest from the entrance","C: Furthest from the entrance",50,180,29,"Instagram","man",7,"Omnivorous","Eat beef","Yes","Right","DATA2002",2,10,1,"Yes","Second year",88
5,"cram at the last second",20,"Yes","No","No","Yes","SciTech","Yes",5,"Yes","C: Furthest from the entrance","A: Closest to the entrance",400,175,NA,"Wechat","man",7,"Omnivorous","Eat beef","Yes","Right","DATA2002",NA,0,NA,"Yes","Third year",73
NA,"draw up a schedule and work through it in planned stages",20,"Yes","Yes","No","Yes","Fisher","Yes",7,"No","C: Furthest from the entrance","C: Furthest from the entrance",0,164.5,13,"Other",NA,3,"Omnivorous","Eat beef","No","Right","DATA2002",7,0,1,"Yes","Second year",71.2
3,"cram at the last second",22,"Yes","Yes","No","No","SciTech","Yes",2,"Yes","C: Furthest from the entrance","C: Furthest from the entrance",30,178,5,"Other","man",8,"Vegan","Eat beef","Yes","Right","DATA2002",3,11,2,"Yes","Fourth year",77
4,"cram at the last second",21,"No","No","No","Yes",NA,"Yes",5,"Yes","C: Furthest from the entrance","C: Furthest from the entrance",200,165,10,"Instagram","woman",9,NA,"Eat beef","Yes","Right","DATA2902",4,24,1,"No","Second year",81
3,NA,NA,"Yes","No","No","No",NA,NA,NA,"Yes",NA,"B: Middle",500,NA,15,"None",NA,7,NA,"Eat beef","No","Right","DATA2002",8,NA,NA,"Yes","Fourth year",NA
4,"do them immediately",19,"Yes","Yes","No","No","SciTech","Yes",4,"No","C: Furthest from the entrance","C: Furthest from the entrance",30,177,8,"Instagram","man",7,"Omnivorous","Eat beef","Yes","Right","DATA2902",5,NA,2,"Yes","Second year",82.5
NA,NA,NA,NA,NA,NA,NA,NA,NA,NA,NA,NA,NA,NA,NA,NA,"None",NA,NA,NA,NA,NA,NA,NA,NA,NA,NA,NA,NA,NA
5,"draw up a schedule and work through it in planned stages",20,"No","No","No","Yes","Fisher","Yes",7,"Yes","C: Furthest from the entrance","C: Furthest from the entrance",200,191,4,"Tiktok","man",7,"Omnivorous","Eat beef","No","Right","DATA2002",6,2,4,"Yes","Second year",63.5
4,"draw up a schedule and work through it in planned stages",20,"No","Yes","Yes","Yes","Fisher","Yes",0.5,"No","C: Furthest from the entrance","A: Closest to the entrance",15,175,40,"Reddit","man",8,"Omnivorous","Eat beef","Yes","Right","DATA2002",0,0,1,"Yes","Third year",85
NA,"draw up a schedule and work through it in planned stages",23,"Yes","No","No","No","SciTech","Yes",5,"Yes","A: Closest to the entrance","A: Closest to the entrance",200,187,40,"Tiktok","man",10,"Omnivorous","Eat beef","No","Right","DATA2002",4,0,8,"No","First year",NA
4,"cram at the last second",20,"No","No","No","No","Fisher","No",5,"Yes","C: Furthest from the entrance","C: Furthest from the entrance",350,173,8,"Instagram","man",8,"Omnivorous","Eat beef","Yes","Right","DATA2002",2,0,5,"Yes","Second year",NA
4,"draw up a schedule and work through it in planned stages",20,"Yes","No","No","Yes","Fisher","Yes",5,"No","C: Furthest from the entrance","C: Furthest from the entrance",200,173,14,"Instagram","woman",6,"Omnivorous","Eat beef","Yes","Right","DATA2902",3,0,2,"Yes","Second year",81.9
NA,"draw up a schedule and work through it in planned stages",23,"Yes","Yes","No","Yes","Fisher","Yes",4,"Yes","C: Furthest from the entrance","A: Closest to the entrance",200,170,56,"Other","woman",8,"Omnivorous","Eat beef","No","Right","DATA2002",7,1,7,"Yes","Second year",50
4,"draw up a schedule and work through it in planned stages",19,"Yes","No","No","No","SciTech","Yes",7,"No","C: Furthest from the entrance","A: Closest to the entrance",90,176,20,"Tiktok","man",7,"Omnivorous","Eat beef","Yes","Left","DATA2002",3,25,4,"No","Second year",80
4,"draw up a schedule and work through it in planned stages",22,"Yes","Yes","No","Yes","Fisher","Yes",0,"Yes","C: Furthest from the entrance","C: Furthest from the entrance",500,174,15,"Tiktok","man",8,"Omnivorous","Eat beef","No","Right","DATA2002",5,0,5,"Yes","Second year",70
5,"cram at the last second",19,"Yes","No","No","No","Fisher","Yes",2,"Yes","B: Middle","A: Closest to the entrance",150,160,20,"Instagram","woman",10,"Omnivorous","Eat beef","Yes","Right","DATA2002",1,0,5,"Yes","First year",55
4,"cram at the last second",21,"Yes","No","No","Yes","SciTech","No",2,"No","B: Middle","B: Middle",30,166,35,"Instagram",NA,7,"Omnivorous","Eat beef","Yes","Right","DATA2902",7,10,1,"No","Fourth year",70
6,"cram at the last second",20,"Yes","No","No","No","Fisher","Yes",7,"Yes","C: Furthest from the entrance","C: Furthest from the entrance",150,175,20,"Wechat","woman",9,"Omnivorous","Eat beef","Yes","Right","DATA2002",3,0,5.5,"No","Second year",69
4,"draw up a schedule and work through it in planned stages",19,"No","Yes","No","Yes","Fisher","Yes",4,"No","C: Furthest from the entrance","B: Middle",30,173,6,"Other","woman",8,"Omnivorous","I don't eat beef","No","Right","DATA2002",7,20,2,"Yes","Second year",80
4,"cram at the last second",22,"Yes","No","No","Yes",NA,"No",7,"Yes","A: Closest to the entrance",NA,700,171,10,"Wechat","man",7,"Omnivorous","Eat beef","No","Ambidextrous","DATA2902",1,2,4,"No","Second year",82.75
4,"cram at the last second",19,"No","No","No","No","SciTech","Yes",0,"No","C: Furthest from the entrance","A: Closest to the entrance",0,187,14,"None","man",7,"Omnivorous",NA,"Yes","Right","DATA2902",4,12,1,"Yes","Second year",91
3,"draw up a schedule and work through it in planned stages",20,"Yes","No","No","Yes","Fisher","Yes",7,"No","C: Furthest from the entrance","C: Furthest from the entrance",80,181,26,"Reddit","man",7,"Omnivorous","Eat beef","No","Left","DATA2902",4,2.5,1.5,"Yes","Second year",NA
4,"draw up a schedule and work through it in planned stages",23,"Yes","No","No","Yes","Fisher","Yes",5,"Yes","A: Closest to the entrance","A: Closest to the entrance",350,185,40,"Instagram","man",7,"Omnivorous","Eat beef","No","Right","DATA2002",5,0,3,"Yes","Second year",74
NA,"draw up a schedule and work through it in planned stages",20,"Yes","No","No","Yes","Fisher","Yes",2,"Yes",NA,"C: Furthest from the entrance",300,172,6,"Wechat","woman",10,"Omnivorous","Eat beef","Yes","Right","DATA2002",0,0,2,"Yes","Second year",77.7
7,"draw up a schedule and work through it in planned stages",19,"No","No","No","Yes","SciTech","Yes",6,"Yes","B: Middle","C: Furthest from the entrance",50,166,56,"Instagram","woman",5,NA,"Eat beef","No","Right","DATA2002",9,0,4,"Yes","Second year",68
4,"draw up a schedule and work through it in planned stages",20,"Yes","Yes","Yes","Yes","Fisher","No",3,"Yes",NA,"B: Middle",200,165,24,"Instagram","woman",8,"Omnivorous","Eat beef","Yes","Right","DATA2002",4,0,3,"Yes","Second year",NA
6,"cram at the last second",24,"No","Yes","No","Yes","Fisher","No",7,"Yes","B: Middle","C: Furthest from the entrance",200,165,5,"Tiktok","woman",10,"Omnivorous","Eat beef","Yes","Right","DATA2002",2,0,5,"Yes","Second year",82.7
5,"cram at the last second",23,"Yes","No","No","No","Fisher","Yes",2,"No","C: Furthest from the entrance","B: Middle",250,172,30,"Instagram","man",8,"Omnivorous","Eat beef","Yes","Right","DATA2002",1,0,1,"Yes","Second year",NA
4,"draw up a schedule and work through it in planned stages",20,"Yes","Yes","No","No","Fisher","No",2,"Yes",NA,"B: Middle",100,158,48,"Tiktok","woman",6,"Omnivorous","Eat beef","Yes","Ambidextrous","DATA2002",6,0,5,"Yes","Second year",NA
5,"cram at the last second",23,"Yes","Yes","Yes","Yes","Fisher","No",3,"Yes","C: Furthest from the entrance","A: Closest to the entrance",100,174,30,"Wechat","woman",5.5,"Omnivorous","Eat beef","Yes","Right","DATA2002",1,0,0.5,"No","Third year",64
6,"cram at the last second",20,"Yes","No","No","Yes",NA,"Yes",5,"No","C: Furthest from the entrance","C: Furthest from the entrance",300,180,36,"Tiktok","man",8,"Omnivorous","Eat beef","Yes","Right","DATA2002",10,0,6,"Yes","Second year",NA
NA,"draw up a schedule and work through it in planned stages",25,NA,"No","No","Yes","SciTech","No",3,"Yes","C: Furthest from the entrance",NA,150,NA,10,"Reddit","man",10,"Omnivorous","Eat beef","Yes","Right","DATA2002",NA,22,3,"Yes","Second year",NA
NA,"draw up a schedule and work through it in planned stages",19,"Yes","No","No","No","Fisher","Yes",3,"No","C: Furthest from the entrance","C: Furthest from the entrance",90,187,11,"Instagram","man",7,"Omnivorous","Eat beef","No","Right","DATA2002",6,4,2,"No","Second year",87
4,"cram at the last second",20,"No","No","No","Yes","SciTech","Yes",7,"No","C: Furthest from the entrance","A: Closest to the entrance",50,175,5,"Tiktok","man",7,"Omnivorous","Eat beef","No","Right","DATA2902",4,7,3,"Yes","Second year",76
4,"cram at the last second",22,"No","Yes","No","Yes","SciTech","Yes",7,"Yes","C: Furthest from the entrance","C: Furthest from the entrance",200,182,30,"Instagram","man",7,"Omnivorous","Eat beef","Yes","Left","DATA2002",3,0,1,"Yes","Fifth or higher year",58
4,"do them immediately",21,"Yes","No","No","No","Fisher","Yes",4,"No","C: Furthest from the entrance","C: Furthest from the entrance",150,187,15,"Instagram","man",8,"Omnivorous","Eat beef","Yes","Right","DATA2002",6,20,2,"Yes","Fourth year",82.5
6,"cram at the last second",23,"No","No","No","No","Fisher","Yes",7,"No","A: Closest to the entrance","C: Furthest from the entrance",100,183,NA,"Youtube","man",10,"Omnivorous","Eat beef","No","Right","DATA2902",NA,15,2,"Yes","Fifth or higher year",75
3,"cram at the last second",22,"Yes","No","No","No","Fisher","No",2,"Yes","C: Furthest from the entrance","C: Furthest from the entrance",200,179,7,"Instagram","man",6,"Omnivorous","Eat beef","No","Left","DATA2002",6,40,5,"No","Fourth year",76
4,"cram at the last second",21,"Yes","No","No","No","Fisher","No",0,"No","A: Closest to the entrance","B: Middle",50,178,2,"None","man",8,"Omnivorous","Eat beef","No","Right","DATA2002",3,0,0,"Yes","Third year",78
4,"draw up a schedule and work through it in planned stages",20,"Yes","Yes","Yes","Yes","SciTech","No",1,"No","C: Furthest from the entrance","C: Furthest from the entrance",60,178,10,"None","man",7.5,"Omnivorous","Eat beef","Yes","Right","DATA2002",8,20,0.6,"Yes","Third year",80
6,"cram at the last second",19,"Yes","Yes","Yes","Yes","Fisher","Yes",4,"Yes","C: Furthest from the entrance","A: Closest to the entrance",200,170,12,"Tiktok","woman",7,"Omnivorous","Eat beef","No","Right","DATA2002",8,3,6,"Yes","Second year",NA
5,"cram at the last second",20,"No","No","No","No","Fisher","No",NA,"Yes","B: Middle","C: Furthest from the entrance",350,160,20,"Youtube","woman",7,"Omnivorous","Eat beef","No","Right","DATA2002",5,0,4,"Yes","Second year",75
5,"cram at the last second",21,"Yes","No","No","Yes",NA,"Yes",2,"Yes","C: Furthest from the entrance","C: Furthest from the entrance",NA,185,30,"Wechat","man",7.5,"Omnivorous","Eat beef","Doesn't matter","Right","DATA2002",2,0,2,"Yes","Second year",NA
4,"do them immediately",20,"Yes","No","No","Yes","Fisher","Yes",2,"Yes","C: Furthest from the entrance","C: Furthest from the entrance",160,169,7,"Youtube","man",7,"Omnivorous","Eat beef","Yes","Right","DATA2002",2,4,1,"No","Second year",80
4,"draw up a schedule and work through it in planned stages",22,"Yes","No","No","No","Fisher","Yes",0,"Yes","A: Closest to the entrance","A: Closest to the entrance",50,182,30,"Wechat","man",7,"Omnivorous","Eat beef","Yes","Right","DATA2002",10,0,1,"Yes","Second year",75
6,"cram at the last second",19,"No","No","No","Yes",NA,"Yes",0,"No",NA,"C: Furthest from the entrance",60,165,1,"Tiktok","woman",7,"Omnivorous","Eat beef","Yes","Right","DATA2002",4,18,2,"Yes","Second year",65
3,"cram at the last second",21,"Yes","Yes","No","No","Fisher",NA,2,"Yes","C: Furthest from the entrance","A: Closest to the entrance",150,180,20,"Wechat","man",6.5,"Omnivorous","Eat beef","Yes","Right","DATA2002",7,0,10,"Yes","Second year",55
4,"cram at the last second",NA,"No","No","No","Yes","SciTech","Yes",2,"Yes","C: Furthest from the entrance","A: Closest to the entrance",150,180,20,"Other","man",7,"Omnivorous","Eat beef","Yes","Right","DATA2002",4,16,5,"No","Third year",73
NA,"cram at the last second",21,"Yes","Yes","No","Yes","Fisher","Yes",2,"No","C: Furthest from the entrance","C: Furthest from the entrance",50,161,22,"Instagram","woman",7,"Omnivorous","Eat beef","Yes","Right","DATA2002",0,0,1.5,"Yes","Third year",72.3
NA,"draw up a schedule and work through it in planned stages",21,"Yes","No","No","Yes",NA,"No",3,"Yes","B: Middle","B: Middle",170,172,40,"Other","man",8.5,"Omnivorous","Eat beef","Yes","Right","DATA2002",NA,0,1,"Yes","Third year",72
3,"draw up a schedule and work through it in planned stages",21,"Yes","Yes","Yes","Yes",NA,"Yes",3,"No","C: Furthest from the entrance","C: Furthest from the entrance",100,163,10,"Other","woman",7,"Omnivorous","Eat beef","Yes","Right","DATA2902",1,0,3,"Yes","Third year",79
4,"draw up a schedule and work through it in planned stages",19,"Yes","No","No","No","SciTech","Yes",7,"No","C: Furthest from the entrance","C: Furthest from the entrance",75,175,6,"Instagram","man",7,"Omnivorous","Eat beef","No","Right","DATA2902",2,10,4,"Yes","Second year",66
4,"cram at the last second",19,"Yes","No","No","Yes","SciTech","Yes",1,"No","C: Furthest from the entrance","C: Furthest from the entrance",70,158,10,"Other","woman",8,"Omnivorous","Eat beef","Yes","Right","DATA2002",2.5,10,5,"Yes","Second year",74
4,"draw up a schedule and work through it in planned stages",20,"Yes","No","No","No","Fisher","No",6,"Yes","C: Furthest from the entrance","C: Furthest from the entrance",400,NA,25,"Instagram","man",6.5,"Omnivorous","Eat beef","Yes","Right","DATA2002",7,24,5.5,"Yes","Second year",78
4,"cram at the last second",21,"Yes","No","No","No","SciTech","Yes",3,"No","C: Furthest from the entrance","B: Middle",300,183,7,"Twitter","man",7,"Omnivorous","Eat beef","Yes","Right","DATA2002",2,21,3,"Yes","Third year",70
6,"cram at the last second",22,"No","No","No","Yes","Fisher","Yes",5,"Yes","B: Middle","A: Closest to the entrance",400,180,10,"Twitter","man",8,"Omnivorous","Eat beef","Yes","Left","DATA2002",6,0,4,"Yes","Second year",75
4,"draw up a schedule and work through it in planned stages",19,"Yes","No","No","No","Fisher","Yes",3,"No","C: Furthest from the entrance","A: Closest to the entrance",200,174,12,"Other","man",7,"Omnivorous","Eat beef","Yes",NA,"DATA2002",6,0,3,"Yes","Second year",79
6,"cram at the last second",21,"Yes","Yes","Yes","No","Fisher","Yes",7,"Yes","B: Middle","B: Middle",700,168,10,"Instagram","woman",7,"Omnivorous","Eat beef","Yes","Right","DATA2002",2,0,6,"Yes","Second year",71.9
5,"draw up a schedule and work through it in planned stages",21,"No","No","No","Yes","Fisher","No",5,"Yes","C: Furthest from the entrance","A: Closest to the entrance",70,171,15,"Instagram","woman",8,"Omnivorous","Eat beef","No","Right","DATA2002",1,24,5,"Yes","Third year",NA
4,"draw up a schedule and work through it in planned stages",19,"Yes","Yes","Yes","Yes","SciTech","Yes",4,"Yes","A: Closest to the entrance","A: Closest to the entrance",150,185,30,"Wechat","man",7,"Omnivorous","I don't eat beef","No","Right","DATA2002",7,7,10,"Yes","First year",74
6,"draw up a schedule and work through it in planned stages",21,"Yes","No","No","No","Fisher","Yes",1,"Yes","C: Furthest from the entrance","C: Furthest from the entrance",1800,175,10,"Tiktok","man",6,"Omnivorous","Eat beef","Yes","Right","DATA2002",4,0,2,"Yes","Second year",68
5,"cram at the last second",21,"Yes","No","No","Yes","SciTech","Yes",4,"Yes","C: Furthest from the entrance","B: Middle",200,170,20,"Instagram","woman",7,"Omnivorous","Eat beef","Yes","Left","DATA2002",10,0,1,"Yes","First year",65
4,"cram at the last second",23,"No","No","No","No","Fisher","Yes",7,"Yes","A: Closest to the entrance","B: Middle",150,169.5,30,"Youtube","man",7,"Omnivorous","Eat beef","Yes","Right","DATA2002",0.5,0,5,"Yes","Second year",NA
5,"cram at the last second",21,NA,"Yes","Yes","Yes","Fisher","Yes",3,"Yes","B: Middle","C: Furthest from the entrance",500,185,20,"Wechat","man",8,"Pescatarian","Eat beef","No","Right","DATA2002",8,8,5,"Yes","Second year",70
4,"cram at the last second",21,"Yes","Yes","Yes","No","Fisher","Yes",7,"Yes","C: Furthest from the entrance","C: Furthest from the entrance",500,172,32,"Wechat","woman",5,"Omnivorous","Eat beef","Yes","Right","DATA2002",3,0,8,"Yes","Second year",70
NA,"cram at the last second",23,"Yes","Yes","No","No","SciTech","Yes",2,"Yes",NA,"B: Middle",140,157,7,"Reddit","woman",5,"Omnivorous","Eat beef","Yes","Right","DATA2002",3,0,4,"Yes","First year",77
4,"draw up a schedule and work through it in planned stages",21,"Yes","Yes","No","No",NA,"Yes",5,"Yes","A: Closest to the entrance","A: Closest to the entrance",500,180,5,"Other","man",8,"Omnivorous","Eat beef","Yes","Right","DATA2002",1,0,3,"No","Third year",67
6,"cram at the last second",22,"Yes","Yes","No","No","Fisher","Yes",1,"Yes","C: Furthest from the entrance","C: Furthest from the entrance",30,175,20,"Wechat","man",8,"Omnivorous","Eat beef","No","Right","DATA2002",1,10,6,"No","Third year",70
4,"cram at the last second",21,"Yes","No","No","Yes","SciTech","No",5,"Yes","A: Closest to the entrance","A: Closest to the entrance",250,NA,14,"Wechat","man",8,"Omnivorous","Eat beef","Yes","Right","DATA2002",2,0,3.5,"No","Second year",85
4,"do them immediately",20,"Yes","No","No","No","Fisher","Yes",2,"Yes","B: Middle","C: Furthest from the entrance",210,178,10,"Wechat","man",8,"Vegetarian","Eat beef","Yes","Right","DATA2002",10,10,4,"Yes","Second year",63
4,"draw up a schedule and work through it in planned stages",23,"Yes","Yes","Yes","No","Fisher","Yes",1,"Yes","C: Furthest from the entrance","C: Furthest from the entrance",200,185,30,"Other","man",8,"Omnivorous","Eat beef","Yes","Right","DATA2002",5,8,6,"Yes","Second year",67
4,"cram at the last second",20,"Yes","Yes","Yes","Yes","Fisher","Yes",4,"Yes","C: Furthest from the entrance","C: Furthest from the entrance",100,185,30,"Other","non-binary",7.5,"Omnivorous","Eat beef","Yes","Right","DATA2002",5,0,40,"Yes","Third year",60
4,"draw up a schedule and work through it in planned stages",19,"Yes","No","Yes","Yes","Fisher","Yes",7,"Yes","C: Furthest from the entrance","C: Furthest from the entrance",100,172,20,"Wechat","man",7,"Omnivorous","Eat beef","Yes","Right","DATA2002",10,0,50,"No","Second year",NA
5,"cram at the last second",19,NA,"No","No","Yes","Fisher","Yes",2,"Yes","B: Middle","C: Furthest from the entrance",100,NA,20,"Instagram","man",7,"Vegetarian","I don't eat beef","No","Right","DATA2002",12,NA,4,"Yes","Second year",NA
5,"draw up a schedule and work through it in planned stages",20,"Yes","Yes","No","Yes","Fisher","Yes",2,"Yes","C: Furthest from the entrance","B: Middle",200,165,42,"Youtube","woman",6,"Vegetarian","Eat beef","Yes","Right","DATA2002",2,0,3,"Yes","Second year",65
4,"do them immediately",20,"Yes","No","No","Yes","SciTech","Yes",5,"Yes","A: Closest to the entrance","B: Middle",178,179,28,"Twitter","man",7,"Omnivorous","Eat beef","Yes","Right","DATA2002",7,7,2,"Yes","Second year",NA
4,"draw up a schedule and work through it in planned stages",29,"No","No","No","Yes",NA,"No",3,"Yes","B: Middle","A: Closest to the entrance",75,178,40,"Reddit","man",8,"Omnivorous","Eat beef","Yes","Right","DATA2002",1,15,1,"Yes","Second year",80
2,"cram at the last second",21,"Yes","No","No","No","Fisher","Yes",1,"Yes","A: Closest to the entrance","A: Closest to the entrance",120,NA,6,"Instagram","man",6,"Omnivorous","Eat beef","Yes","Right","DATA2002",5,24,3,"Yes","Third year",73
4,"cram at the last second",22,"Yes","No","No","Yes","Fisher","Yes",1,"Yes","C: Furthest from the entrance","C: Furthest from the entrance",300,167,20,"Twitter","woman",7,"Omnivorous","Eat beef","Yes","Ambidextrous","DATA2002",2,NA,8,"No","Second year",NA
3,"cram at the last second",23,"Yes","Yes",NA,"Yes","SciTech","Yes",1,NA,"C: Furthest from the entrance","B: Middle",300,NA,2,"None","man",8,"Vegetarian","Eat beef","Yes","Left","DATA2002",3,43,10,NA,"First year",NA
4,NA,NA,NA,NA,"No",NA,NA,NA,NA,"Yes",NA,NA,450,NA,NA,"Other",NA,8,NA,NA,"Yes",NA,"DATA2002",NA,NA,3,"Yes","Second year",NA
4,"cram at the last second",20,"Yes","Yes","No","Yes",NA,"Yes",3,"No","C: Furthest from the entrance","C: Furthest from the entrance",50,178,6,"Instagram","woman",8,"Omnivorous","Eat beef","Yes","Right","DATA2902",6,10,2,"Yes","Second year",80
4,"draw up a schedule and work through it in planned stages",22,"Yes","Yes","No","Yes","Fisher","Yes",7,"Yes","B: Middle","B: Middle",400,183,20,"Wechat","man",8,"Omnivorous","Eat beef","No","Right","DATA2002",3,0,4,"Yes","Second year",70
4,"cram at the last second",22,"Yes","No","No","Yes","Fisher","Yes",5,"No","C: Furthest from the entrance","C: Furthest from the entrance",60,182,20,"Instagram","man",7,"Omnivorous","Eat beef","Yes","Right","DATA2002",4.5,0,2,"Yes","Second year",56
1,"do them immediately",NA,"Yes","No","No","Yes",NA,"Yes",NA,NA,"A: Closest to the entrance","C: Furthest from the entrance",300,NA,NA,"Other",NA,NA,NA,"Eat beef"," Sometimes but I don't like them with pepperoni I like it with ham, pineapples have low calories and add a sweet taste to an otherwise bland pizza.","Right","DATA2002",9,21,24,"No","Second year",NA
5,"do them immediately",21,"Yes","No","No","Yes","Fisher","Yes",0,"Yes","B: Middle","C: Furthest from the entrance",150,184,20,"Other","man",7,"Vegan","Eat beef","Yes","Right","DATA2002",2,NA,2,"Yes","Third year",NA
4,"draw up a schedule and work through it in planned stages",21,"Yes","Yes","Yes","Yes",NA,"No",3,"No","C: Furthest from the entrance","B: Middle",80,174,20,"Instagram","man",9,"Omnivorous","Eat beef","Yes","Left","DATA2902",5,2,2,"Yes","Third year",85
6,"draw up a schedule and work through it in planned stages",25,"Yes","No","No","No",NA,"Yes",7,"Yes","C: Furthest from the entrance","C: Furthest from the entrance",500,168,30,"None","man",8,"Omnivorous","Eat beef","Yes","Right","DATA2002",5,0,1,"Yes","First year",95
4,"do them immediately",19,"Yes","No","No","Yes","SciTech","Yes",2,"Yes","C: Furthest from the entrance","C: Furthest from the entrance",300,162,25,"Tiktok","woman",8,"Omnivorous","Eat beef","Yes","Right","DATA2002",0,0,6,"Yes","First year",NA
4,"draw up a schedule and work through it in planned stages",19,NA,"No","Yes","No","Fisher","Yes",4,"Yes","A: Closest to the entrance","A: Closest to the entrance",NA,167.64,NA,"Instagram","man",7.5,"Omnivorous","Eat beef","No","Right","DATA2002",NA,0,5,"Yes","Third year",NA
4,"draw up a schedule and work through it in planned stages",24,"No","Yes","Yes","No","Fisher","No",0,"Yes","A: Closest to the entrance","B: Middle",100,183,30,"Wechat","man",6,"Omnivorous","Eat beef","Yes","Right","DATA2002",1,0,2,"No","Second year",66
4,"cram at the last second",19,"Yes","Yes","No","Yes",NA,"Yes",7,"No","A: Closest to the entrance","A: Closest to the entrance",80,173,20,"Instagram","man",6,NA,"Eat beef","Yes","Right","DATA2902",3,15,3,"Yes","Second year",69
NA,"do them immediately",28,"No","No","No","No","Fisher","Yes",3,"Yes","C: Furthest from the entrance","C: Furthest from the entrance",300,177,56,"Wechat","man",7,"Vegetarian","Eat beef","Yes","Right","DATA2002",6,0,1,"Yes","Fourth year",39
4,"cram at the last second",20,"Yes","Yes","No","No","SciTech","No",7,"No","C: Furthest from the entrance","C: Furthest from the entrance",NA,NA,10,"Other","man",7,"Omnivorous","Eat beef","Yes","Right","DATA2002",7.5,10,NA,"Yes","Third year",NA
5,"draw up a schedule and work through it in planned stages",21,"Yes","No","Yes","No","SciTech","Yes",2,"No","C: Furthest from the entrance","C: Furthest from the entrance",200,179,12,"Wechat","man",8,"Omnivorous","Eat beef","No","Right","DATA2002",3,0,6,"Yes","Third year",70
3,"draw up a schedule and work through it in planned stages",27,"Yes","No","No","Yes","Fisher","No",0,"Yes","C: Furthest from the entrance","C: Furthest from the entrance",60,180,20,"Instagram","man",8,"Omnivorous","Eat beef","Yes","Right","DATA2002",5,38,1,"Yes","Second year",65
6,"cram at the last second",21,"Yes","No","Yes","No","Fisher","Yes",4,"Yes","C: Furthest from the entrance","A: Closest to the entrance",210,158,21,"Twitter","woman",7,"Omnivorous","Eat beef","Yes","Right","DATA2002",8,0,8,"No","Second year",75
4,"cram at the last second",20,"Yes","Yes","No","No","Fisher","No",5,"No","C: Furthest from the entrance","C: Furthest from the entrance",50,179,5,"Twitter","man",6,"Omnivorous","Eat beef","Yes","Right","DATA2002",3,0,6,"Yes","Second year",70
4,"draw up a schedule and work through it in planned stages",31,"Yes","No","No","Yes","SciTech","Yes",3,"Yes","C: Furthest from the entrance","C: Furthest from the entrance",150,178,8,"Instagram","man",8,"Omnivorous","Eat beef","Yes","Right","DATA2002",3,32,1,"No","Third year",79
NA,"cram at the last second",21,"Yes","Yes","No","Yes","Fisher","No",NA,"Yes","C: Furthest from the entrance","B: Middle",210,178,12,"Wechat","man",8,"Omnivorous","Eat beef","Yes","Right","DATA2002",1.5,18,2,"Yes","Second year",55
3,"draw up a schedule and work through it in planned stages",22,"Yes","Yes","Yes","Yes",NA,"No",6,"Yes","C: Furthest from the entrance","A: Closest to the entrance",150,170,30,"None",NA,8,"Omnivorous","Eat beef","No","Right","DATA2902",3,12,1,"Yes","Third year",80
5,"draw up a schedule and work through it in planned stages",20,"Yes","No","No","No","SciTech","Yes",1,"No","B: Middle","A: Closest to the entrance",7,157,35,"Instagram","woman",8,"Omnivorous","Eat beef","Yes","Right","DATA2002",1,3,3,"No","Third year",81
4,"draw up a schedule and work through it in planned stages",20,"Yes","Yes","Yes","No","Fisher","Yes",7,"Yes","B: Middle","A: Closest to the entrance",300,160,24,"Instagram","woman",7,"Vegan","I don't eat beef","No","Right","DATA2002",0.5,24,3,"Yes","Third year",60
4,"draw up a schedule and work through it in planned stages",20,"Yes","Yes","No","No","SciTech","Yes",2,"Yes","C: Furthest from the entrance","B: Middle",500,172,20,"Wechat","woman",6,"Omnivorous","Eat beef","Yes","Right","DATA2002",4,0,2,"Yes","Second year",72
4,"draw up a schedule and work through it in planned stages",23,"Yes","Yes","Yes","Yes","Fisher","Yes",7,"Yes","A: Closest to the entrance","C: Furthest from the entrance",100,181,15,"Instagram","man",6,"Omnivorous","Eat beef","Yes","Right","DATA2002",6,0,3,"Yes","Second year",76
NA,NA,NA,NA,NA,NA,NA,NA,NA,NA,NA,NA,NA,NA,NA,NA,"None",NA,NA,NA,NA,NA,NA,NA,NA,NA,NA,NA,NA,NA
4,"do them immediately",21,"Yes","No","No","No","Fisher","Yes",7,"Yes","C: Furthest from the entrance","A: Closest to the entrance",70,180,5,"Wechat","man",8,"Omnivorous","Eat beef","Yes","Left","DATA2002",1,9,5,"Yes","Second year",NA
NA,"draw up a schedule and work through it in planned stages",22,"Yes","No","No","Yes","Fisher","Yes",3,"No","C: Furthest from the entrance","B: Middle",120,189,8,"Instagram","man",6,"Omnivorous","Eat beef","No","Right","DATA2002",5,22,4,"No","Fourth year",70
NA,"draw up a schedule and work through it in planned stages",18,"Yes","No","No","Yes","SciTech","Yes",1,"No","C: Furthest from the entrance","B: Middle",100,165,5,"Instagram","woman",7,"Omnivorous","Eat beef","Yes","Right","DATA2002",3,20,4,"Yes","First year",NA
6,"draw up a schedule and work through it in planned stages",19,"Yes","No","No","Yes","Fisher","Yes",1,"No","C: Furthest from the entrance","C: Furthest from the entrance",100,180,7,"Other","man",8,"Omnivorous","Eat beef","No","Right","DATA2002",0,0,1,"Yes","First year",NA
4,"draw up a schedule and work through it in planned stages",19,"Yes","Yes","No","Yes","Fisher","Yes",4,"No","C: Furthest from the entrance","C: Furthest from the entrance",40,165,40,"Instagram","woman",7,"Omnivorous","Eat beef","No","Right","DATA2002",6,26,3,"Yes","Second year",70
4,"do them immediately",21,"Yes","No","No","Yes","Fisher","No",2,"Yes","A: Closest to the entrance","C: Furthest from the entrance",200,NA,20,"Instagram","woman",7,"Pescatarian","Eat beef","No","Left","DATA2002",8,21,1,"Yes","Third year",60
7,"draw up a schedule and work through it in planned stages",19,"Yes","Yes","Yes","Yes","Fisher","Yes",2,"Yes","C: Furthest from the entrance","C: Furthest from the entrance",350,185,80,"Wechat","man",6.5,"Pescatarian","Eat beef","Yes","Right","DATA2002",10,0,10,"Yes","First year",79
3,"do them immediately",20,"Yes","No","Yes","Yes","Fisher","Yes",1,"Yes","A: Closest to the entrance","A: Closest to the entrance",150,162,40,"None","woman",8,"Pescatarian","Eat beef","Yes","Right","DATA2002",0,0,1,"Yes","Second year",NA
NA,"do them immediately",NA,NA,"Yes",NA,"Yes",NA,"No",NA,"Yes","A: Closest to the entrance","C: Furthest from the entrance",210,183,40,"None","man",NA,"Omnivorous",NA,"No",NA,"DATA2002",NA,NA,NA,"Yes","Third year",76
4,"do them immediately",20,NA,"No",NA,NA,NA,"Yes",NA,"Yes","C: Furthest from the entrance","C: Furthest from the entrance",NA,NA,NA,"Other","man",NA,"Omnivorous","Eat beef","Yes","Right","DATA2002",2,0,9,NA,"Second year",NA
NA,NA,NA,NA,NA,"No",NA,NA,NA,NA,NA,NA,NA,NA,NA,NA,"None",NA,NA,NA,"Eat beef",NA,NA,NA,NA,NA,NA,NA,NA,NA
4,"cram at the last second",20,"Yes","No","Yes","No","Fisher","Yes",4,"Yes","B: Middle","B: Middle",120,170,8,"Wechat","woman",7,"Omnivorous","Eat beef","Yes","Right","DATA2002",7,5,3,"Yes","Second year",75
7,"cram at the last second",21,"Yes","No","Yes","Yes","Fisher","Yes",6,"Yes","B: Middle","B: Middle",240,186,20,"Other","man",8,"Vegan","Eat beef","No","Left","DATA2002",1,0,3,"Yes","Second year",65
7,"cram at the last second",21,"Yes","No","No","Yes","Fisher","Yes",3,"Yes","B: Middle","B: Middle",150,177,20,"Other","man",6,"Vegan","Eat beef","No","Right","DATA2002",1,0,3,"Yes","Second year",65
